{"stats":{"minecraft:picked_up":{"pierce:white_bricks":31,"minecraft:wheat":1,"minecraft:redstone_block":1,"minecraft:anvil":1,"minecraft:water_bucket":1,"pierce:smooth_gold":7,"minecraft:mushroom_stew":3,"minecraft:oak_log":8,"minecraft:ancient_debris":2492,"minecraft:dirt":1,"minecraft:beetroot":1,"minecraft:kelp":18,"minecraft:stonecutter":1,"minecraft:wheat_seeds":1,"minecraft:grindstone":1,"pierce:titanium_ingot":1,"minecraft:redstone_torch":2,"pierce:one_hundred_dollar_bill":74,"minecraft:chest":1,"minecraft:smooth_quartz":2,"minecraft:enchanted_golden_apple":1,"minecraft:powered_rail":1,"minecraft:coal_block":1591,"minecraft:smooth_quartz_stairs":3,"minecraft:piston":448,"minecraft:debug_stick":7,"minecraft:emerald_block":10,"minecraft:oak_pressure_plate":2,"minecraft:quartz_pillar":67,"minecraft:redstone":3,"minecraft:sea_lantern":1,"pierce:drill":2,"minecraft:quartz_block":211,"minecraft:command_block":1,"pierce:ten_dollar_bill":157,"minecraft:beetroot_seeds":7,"pierce:super_regen":1,"minecraft:rail":1},"minecraft:used":{"pierce:super_picaxe":6,"minecraft:oak_fence":20,"minecraft:wheat_seeds":41,"minecraft:water_bucket":93,"minecraft:cow_spawn_egg":4,"minecraft:spruce_door":13,"minecraft:smooth_quartz_slab":27,"minecraft:dispenser":284,"minecraft:redstone":61,"minecraft:powered_rail":12,"minecraft:oak_planks":24,"pierce:drill":148,"minecraft:cartography_table":1,"minecraft:oak_sign":4,"minecraft:ender_pearl":132,"minecraft:chest":73,"minecraft:redstone_block":33,"minecraft:warped_sign":2,"minecraft:stonecutter":1,"pierce:pathway_block":48,"minecraft:farmland":128,"minecraft:smooth_quartz_stairs":67,"minecraft:debug_stick":87,"minecraft:mooshroom_spawn_egg":3,"minecraft:dirt":1,"minecraft:brewing_stand":1,"minecraft:anvil":2,"minecraft:soul_sand":2,"minecraft:rail":38,"minecraft:vine":3,"minecraft:crafting_table":2,"minecraft:hopper":22,"minecraft:loom":1,"minecraft:spruce_stairs":49,"minecraft:mushroom_stew":6,"minecraft:blast_furnace":6,"minecraft:warped_door":2,"minecraft:oak_wood":1,"minecraft:pumpkin_seeds":12,"pierce:super_regen":3,"minecraft:smoker":6,"minecraft:oak_fence_gate":2,"minecraft:obsidian":14,"minecraft:redstone_torch":4,"minecraft:glass":31,"minecraft:oak_log":152,"minecraft:sticky_piston":29,"pierce:drill_block":6,"minecraft:lever":12,"minecraft:piston":33,"minecraft:sea_lantern":185,"minecraft:quartz_pillar":593,"minecraft:command_block":9,"minecraft:quartz_slab":61,"minecraft:light_weighted_pressure_plate":29,"minecraft:grass_block":59,"minecraft:cyan_bed":2,"minecraft:oak_button":1,"minecraft:verdant_froglight":11,"minecraft:quartz_block":106,"pierce:white_bricks":132,"minecraft:oak_pressure_plate":9,"minecraft:smooth_quartz":149,"minecraft:hopper_minecart":10,"pierce:car_spawn_egg":1,"minecraft:melon_seeds":12,"pierce:smooth_gold":331,"minecraft:bedrock":2,"pierce:white_trap":1,"minecraft:coal_block":5,"minecraft:repeater":9,"minecraft:grindstone":13,"minecraft:written_book":2,"minecraft:emerald_block":142,"minecraft:smithing_table":2,"minecraft:furnace":8,"pierce:marble":49,"minecraft:beetroot_seeds":60,"minecraft:minecart":25,"pierce:piggy_bank_spawn_egg":128,"minecraft:white_stained_glass":9,"minecraft:chain":21,"minecraft:kelp":1,"minecraft:observer":20,"minecraft:enchanted_golden_apple":3,"minecraft:bone_meal":19},"minecraft:mined":{"minecraft:wheat":1,"minecraft:beetroots":1,"minecraft:smooth_quartz":1,"minecraft:smooth_quartz_stairs":3,"minecraft:emerald_block":2},"minecraft:killed":{"pierce:piggy_bank":2,"pierce:car":1},"minecraft:custom":{"minecraft:interact_with_furnace":12,"minecraft:interact_with_anvil":2,"minecraft:mob_kills":4,"minecraft:animals_bred":2,"minecraft:inspect_hopper":54,"minecraft:interact_with_grindstone":5,"minecraft:leave_game":9,"minecraft:time_since_death":385502,"minecraft:climb_one_cm":507,"minecraft:time_since_rest":385502,"minecraft:sprint_one_cm":3927,"minecraft:damage_taken":730,"minecraft:walk_one_cm":371455,"minecraft:drop":74,"minecraft:damage_dealt":380,"minecraft:fly_one_cm":394348,"minecraft:open_chest":58,"minecraft:crouch_one_cm":15934,"minecraft:play_time":385502,"minecraft:sneak_time":15529,"minecraft:walk_under_water_one_cm":66407,"minecraft:interact_with_lectern":1,"minecraft:jump":652,"minecraft:interact_with_blast_furnace":3,"minecraft:walk_on_water_one_cm":9744,"minecraft:interact_with_smoker":1,"minecraft:total_world_time":396809,"minecraft:inspect_dispenser":7,"minecraft:fall_one_cm":9434},"minecraft:dropped":{"minecraft:anvil":1,"minecraft:emerald_block":8,"minecraft:oak_pressure_plate":2,"minecraft:oak_log":1,"minecraft:ender_pearl":1,"pierce:one_hundred_dollar_bill":149,"minecraft:rotten_flesh":1,"minecraft:grindstone":1,"pierce:ten_dollar_bill":277,"minecraft:enchanted_golden_apple":7,"minecraft:command_block":1,"minecraft:quartz_pillar":2,"minecraft:coal_block":320,"minecraft:mushroom_stew":3,"minecraft:sea_lantern":1,"pierce:smooth_gold":1,"minecraft:quartz_block":1,"minecraft:beetroot_seeds":4,"minecraft:smooth_quartz":2,"minecraft:chest":1,"minecraft:stonecutter":1,"pierce:dollar_bill":8,"minecraft:powered_rail":1,"pierce:white_bricks":1,"pierce:super_armor_leggings":1,"pierce:drill":2,"minecraft:redstone_block":1}},"DataVersion":3465}