{"stats":{"minecraft:crafted":{"pierce:ten_dollar_bill":1,"pierce:one_hundred_dollar_bill":1,"pierce:dollar_bill":2},"minecraft:mined":{"minecraft:grass_block":129,"minecraft:dirt":34},"minecraft:used":{"pierce:ratm":73,"minecraft:writable_book":4,"minecraft:dirt_path":2,"minecraft:armor_stand":16,"minecraft:acacia_trapdoor":3,"minecraft:ladder":15,"pierce:fake_gold":15,"minecraft:ender_pearl":13,"minecraft:chest":37,"minecraft:tinted_glass":35,"pierce:atm_bottom":5,"minecraft:quartz_stairs":312,"minecraft:glow_ink_sac":2,"pierce:pathway_block":1006,"minecraft:torch":78,"minecraft:dirt":168,"minecraft:anvil":3,"minecraft:crafting_table":2,"minecraft:birch_sign":7,"minecraft:cave_spider_spawn_egg":9,"minecraft:obsidian":349,"minecraft:birch_door":1,"minecraft:glass":36,"minecraft:lever":24,"minecraft:sea_lantern":13,"minecraft:lava_bucket":2,"minecraft:firework_rocket":92,"minecraft:birch_fence_gate":1,"minecraft:red_wool":7,"minecraft:quartz_pillar":250,"minecraft:villager_spawn_egg":5,"minecraft:quartz_slab":51,"minecraft:heavy_weighted_pressure_plate":4,"minecraft:lantern":12,"minecraft:grass_block":5,"minecraft:oak_button":6,"minecraft:barrier":12,"pierce:latm":3,"minecraft:quartz_block":185,"pierce:white_bricks":29,"minecraft:lectern":9,"pierce:backwords_atm":2,"minecraft:iron_door":12,"minecraft:totem_of_undying":2,"pierce:smooth_gold":1091,"minecraft:bedrock":2,"minecraft:birch_button":2,"minecraft:dolphin_spawn_egg":7,"minecraft:glowstone":173,"minecraft:written_book":12,"pierce:atm":3,"pierce:piggy_bank_spawn_egg":26,"minecraft:white_stained_glass":159,"minecraft:white_concrete":40,"minecraft:red_dye":1},"minecraft:picked_up":{"minecraft:crafting_table":2,"minecraft:iron_door":2,"pierce:super_armor_helmet":1,"minecraft:dirt":163,"pierce:latm":1,"minecraft:white_stained_glass":2,"minecraft:quartz_slab":1,"pierce:super_armor_boots":1,"pierce:one_hundred_dollar_bill":65,"minecraft:quartz_stairs":1,"pierce:super_armor_leggings":1,"minecraft:red_wool":1,"minecraft:torch":7,"pierce:dollar_bill":42,"minecraft:quartz_pillar":1,"pierce:pathway_block":1,"minecraft:quartz_block":1,"minecraft:firework_rocket":256,"pierce:ten_dollar_bill":2495,"pierce:atm_bottom":1,"pierce:super_armor_chestplate":1,"minecraft:obsidian":1},"minecraft:dropped":{"pierce:one_hundred_dollar_bill":129,"minecraft:crafting_table":2,"minecraft:obsidian":1,"pierce:ten_dollar_bill":1281,"minecraft:dirt":2,"pierce:atm_bottom":1,"minecraft:iron_door":1,"pierce:dollar_bill":107,"pierce:latm":1,"minecraft:white_stained_glass":1},"minecraft:custom":{"minecraft:interact_with_anvil":2,"minecraft:interact_with_crafting_table":6,"minecraft:leave_game":18,"minecraft:time_since_death":155475,"minecraft:climb_one_cm":6150,"minecraft:time_since_rest":155507,"minecraft:sprint_one_cm":330,"minecraft:damage_taken":1640,"minecraft:walk_one_cm":206648,"minecraft:drop":1147,"minecraft:damage_dealt":40,"minecraft:talked_to_villager":2,"minecraft:fly_one_cm":480042,"minecraft:open_chest":61,"minecraft:crouch_one_cm":47188,"minecraft:play_time":390642,"minecraft:sneak_time":18303,"minecraft:deaths":2,"minecraft:interact_with_lectern":2,"minecraft:jump":567,"minecraft:total_world_time":396992,"minecraft:fall_one_cm":14914}},"DataVersion":3700}