{"stats":{"minecraft:custom":{"minecraft:time_since_rest":30164,"minecraft:interact_with_smithing_table":1,"minecraft:sprint_one_cm":123,"minecraft:walk_one_cm":76268,"minecraft:mob_kills":2,"minecraft:drop":1,"minecraft:damage_dealt":260,"minecraft:talked_to_villager":109,"minecraft:interact_with_crafting_table":5,"minecraft:interact_with_cartography_table":1,"minecraft:fly_one_cm":147064,"minecraft:crouch_one_cm":4014,"minecraft:play_time":155704,"minecraft:deaths":1,"minecraft:sneak_time":4437,"minecraft:jump":230,"minecraft:leave_game":31,"minecraft:time_since_death":30133,"minecraft:climb_one_cm":1233,"minecraft:total_world_time":167802},"minecraft:picked_up":{"minecraft:debug_stick":1,"pierce:super_armor_leggings":1,"minecraft:iron_trapdoor":1,"minecraft:iron_door":3,"pierce:titanium_block":3,"pierce:dollar_bill":10,"pierce:super_armor_helmet":1,"minecraft:vine":1,"minecraft:heavy_weighted_pressure_plate":2,"minecraft:sea_lantern":1,"minecraft:netherite_block":45,"pierce:piggy_bank_spawn_egg":1,"pierce:ten_dollar_bill":23,"minecraft:command_block":1,"minecraft:cartography_table":1,"minecraft:lever":5,"minecraft:writable_book":1,"pierce:titanium_ingot":1,"pierce:super_armor_boots":1,"pierce:one_hundred_dollar_bill":9,"pierce:super_armor_chestplate":1,"minecraft:fletching_table":1},"minecraft:dropped":{"pierce:dollar_bill":10},"minecraft:crafted":{"pierce:super_armor_boots":1,"pierce:super_armor_helmet":1,"pierce:atm":1,"pierce:master_alloy_ingot":1,"pierce:titanium_ingot":1,"pierce:super_armor_chestplate":1,"pierce:super_armor_leggings":1,"pierce:atm_bottom":1},"minecraft:used":{"minecraft:polished_blackstone_slab":1,"minecraft:netherite_block":1,"minecraft:lever":44,"minecraft:writable_book":7,"minecraft:sea_lantern":66,"minecraft:lava_bucket":2,"minecraft:light_gray_stained_glass":158,"minecraft:villager_spawn_egg":14,"pierce:titanium_block":670,"minecraft:flint_and_steel":17,"minecraft:command_block":5,"minecraft:light_gray_concrete":1,"minecraft:heavy_weighted_pressure_plate":11,"minecraft:iron_block":43,"minecraft:ladder":1,"minecraft:cartography_table":1,"minecraft:oak_sign":3,"minecraft:lectern":1,"pierce:sewer_block":1,"pierce:atm_bottom":91,"minecraft:redstone_block":8,"minecraft:iron_door":20,"minecraft:fletching_table":1,"pierce:smooth_gold":124,"pierce:white_trap":2,"minecraft:debug_stick":11,"minecraft:torch":12,"minecraft:dark_oak_trapdoor":4,"minecraft:grindstone":5,"minecraft:vine":2,"minecraft:iron_trapdoor":20,"minecraft:smithing_table":4,"minecraft:tnt":18,"minecraft:crafting_table":2,"pierce:atm":12,"pierce:piggy_bank_spawn_egg":27,"minecraft:white_concrete":46,"minecraft:polished_blackstone_stairs":12,"minecraft:dark_oak_door":6},"minecraft:killed":{"pierce:piggy_bank":2}},"DataVersion":3465}